arrest_key,arrest_date,pd_cd,pd_desc,ky_cd,ofns_desc,law_code,law_cat_cd,arrest_boro,arrest_precinct,jurisdiction_code,age_group,perp_sex,perp_race,x_coord_cd,y_coord_cd,latitude,longitude,lon_lat
190049060,2018-11-15T00:00:00.000Z,157.0,RAPE 1,104.0,RAPE,PL 1303501,F,K,77,0.0,25-44,M,BLACK,1003606.0,185050.0,40.67458330800008,-73.93022154099998,POINT (-73.93022154099998 40.67458330800008)
189182271,2018-10-24T00:00:00.000Z,153.0,RAPE 3,104.0,RAPE,PL 1302503,F,M,5,0.0,45-64,M,WHITE HISPANIC,984946.0,200203.0,40.716195914000025,-73.99749074599998,POINT (-73.99749074599998 40.716195914000025)
189129210,2018-10-23T00:00:00.000Z,101.0,ASSAULT 3,344.0,ASSAULT 3 & RELATED OFFENSES,PL 1200000,M,M,18,0.0,25-44,M,WHITE HISPANIC,987501.0,217778.0,40.76443435900006,-73.988265529,POINT (-73.988265529 40.76443435900006)
189827117,2018-11-10T00:00:00.000Z,175.0,"SEXUAL ABUSE 3,2",233.0,SEX CRIMES,PL 13052A1,M,M,1,0.0,25-44,M,WHITE HISPANIC,982285.0,201682.0,40.72025522300004,-74.00709027999993,POINT (-74.00709027999993 40.72025522300004)
189176315,2018-10-24T00:00:00.000Z,475.0,"","","",PL 1651601,M,M,28,1.0,25-44,M,BLACK,999346.0,233573.0,40.80777512600008,-73.94547028299998,POINT (-73.94547028299998 40.80777512600008)
189228258,2018-10-26T00:00:00.000Z,563.0,PROSTITUTION,356.0,PROSTITUTION & RELATED OFFENSES,PL 2300000,M,Q,103,0.0,18-24,F,WHITE,1041717.0,197008.0,40.707239816000026,-73.79272672599996,POINT (-73.79272672599996 40.707239816000026)
189863002,2018-11-11T00:00:00.000Z,179.0,SEXUAL ABUSE 1,116.0,SEX CRIMES,PL 1306502,F,K,63,0.0,<18,M,BLACK,1000448.0,168068.0,40.627977755000074,-73.94164715699996,POINT (-73.94164715699996 40.62797775500008)
189476017,2018-11-01T00:00:00.000Z,793.0,WEAPONS POSSESSION 3,118.0,DANGEROUS WEAPONS,PL 2650201,F,K,68,0.0,25-44,M,WHITE,975830.0,164418.0,40.61797007100006,-74.03033045599993,POINT (-74.03033045599993 40.617970071000066)
189259155,2018-10-26T00:00:00.000Z,175.0,"SEXUAL ABUSE 3,2",233.0,SEX CRIMES,PL 13052A1,M,K,67,0.0,<18,M,BLACK,998032.0,175598.0,40.648650085000035,-73.95033556299995,POINT (-73.95033556299995 40.648650085000035)
189974181,2018-11-14T00:00:00.000Z,475.0,"","","",PL 1651601,M,M,14,1.0,65+,M,WHITE,986061.0,213320.0,40.75219869800003,-73.99346504499994,POINT (-73.99346504499994 40.75219869800003)
189907410,2018-11-12T00:00:00.000Z,568.0,"MARIJUANA, POSSESSION 1, 2 & 3",117.0,DANGEROUS DRUGS,PL 2213000,F,Q,108,4.0,25-44,M,WHITE,996644.0,209958.0,40.74296235400004,-73.95527424799997,POINT (-73.95527424799997 40.74296235400004)
189442667,2018-11-01T00:00:00.000Z,707.0,"IMPERSONATION 2, PUBLIC SERVANT",340.0,FRAUDS,PL 1902300,M,K,60,0.0,25-44,M,BLACK,990824.0,149705.0,40.57758741600002,-73.97633607099993,POINT (-73.97633607099993 40.57758741600002)
190140531,2018-11-18T00:00:00.000Z,153.0,RAPE 3,104.0,RAPE,PL 1302501,F,B,44,0.0,18-24,M,WHITE HISPANIC,1006434.0,244344.0,40.83732351100008,-73.91983075699994,POINT (-73.91983075699994 40.83732351100008)
188086111,2018-09-27T00:00:00.000Z,"","","","","","",B,50,0.0,25-44,M,WHITE HISPANIC,1012688.0,270928.0,40.91027045300007,-73.89711662799994,POINT (-73.89711662799994 40.91027045300007)
189457670,2018-11-01T00:00:00.000Z,569.0,"MARIJUANA, SALE 4 & 5",235.0,DANGEROUS DRUGS,PL 2214000,M,S,121,0.0,25-44,M,BLACK,939646.0,171536.0,40.63739917600003,-74.16071284299994,POINT (-74.16071284299994 40.63739917600003)
186712976,2018-08-22T00:00:00.000Z,475.0,"","","",PL 1651601,M,Q,103,1.0,25-44,M,BLACK,1037559.0,194576.0,40.70059059000005,-73.80774319999993,POINT (-73.80774319999995 40.70059059000005)
190042379,2018-11-15T00:00:00.000Z,729.0,"FORGERY,ETC.,UNCLASSIFIED-FELONY",113.0,FORGERY,PL 1701004,F,K,75,1.0,25-44,M,BLACK,1016653.0,182077.0,40.66638495300003,-73.88320041399999,POINT (-73.88320041399999 40.66638495300003)
189328476,2018-10-29T00:00:00.000Z,223.0,"BURGLARY,RESIDENCE,NIGHT",107.0,BURGLARY,PL 1403002,F,M,5,73.0,45-64,M,BLACK,983903.0,200257.0,40.71634415200003,-74.00125319299997,POINT (-74.00125319299997 40.71634415200003)
189217178,2018-10-25T00:00:00.000Z,175.0,"SEXUAL ABUSE 3,2",233.0,SEX CRIMES,PL 13052A1,M,Q,101,0.0,18-24,M,BLACK,1053678.0,159044.0,40.60295159100008,-73.74997626099997,POINT (-73.74997626099997 40.60295159100008)
189263596,2018-10-27T00:00:00.000Z,101.0,ASSAULT 3,344.0,ASSAULT 3 & RELATED OFFENSES,PL 1200001,M,B,44,0.0,25-44,M,BLACK,1008173.0,241622.0,40.82984786900005,-73.91355590099994,POINT (-73.91355590099994 40.82984786900005)
190025272,2018-11-15T00:00:00.000Z,157.0,RAPE 1,104.0,RAPE,PL 1303501,F,B,41,0.0,25-44,M,BLACK,1013232.0,236725.0,40.816391847000034,-73.89529641399997,POINT (-73.89529641399997 40.816391847000034)
189168192,2018-10-24T00:00:00.000Z,155.0,RAPE 2,104.0,RAPE,PL 1303001,F,M,1,0.0,18-24,M,WHITE,982285.0,201682.0,40.72025522300004,-74.00709027999993,POINT (-74.00709027999993 40.72025522300004)
189328420,2018-10-28T00:00:00.000Z,397.0,"ROBBERY,UNCLASSIFIED,OPEN AREAS",105.0,ROBBERY,PL 1601504,F,K,75,0.0,25-44,M,BLACK,1021062.0,183501.0,40.67027627800008,-73.86729982099996,POINT (-73.86729982099996 40.67027627800008)
188785933,2018-10-15T00:00:00.000Z,175.0,"SEXUAL ABUSE 3,2",233.0,FORCIBLE TOUCHING,PL 1305200,M,M,7,2.0,25-44,M,BLACK HISPANIC,988708.0,200317.0,40.71650772200008,-73.98391989899994,POINT (-73.98391989899994 40.71650772200008)
188210546,2018-10-01T00:00:00.000Z,665.0,"","","",PL 4902001,F,K,61,0.0,<18,M,WHITE,995118.0,155709.0,40.59406298000005,-73.96086869299995,POINT (-73.96086869299995 40.59406298000005)
188086113,2018-09-27T00:00:00.000Z,"","","","","","",B,50,0.0,25-44,M,WHITE HISPANIC,1012688.0,270928.0,40.91027045300007,-73.89711662799994,POINT (-73.89711662799994 40.91027045300007)
187866937,2018-09-21T00:00:00.000Z,109.0,"ASSAULT 2,1,UNCLASSIFIED",106.0,FELONY ASSAULT,PL 1200502,F,Q,103,0.0,25-44,M,BLACK,1040260.0,197679.0,40.70909089000003,-73.79797630299998,POINT (-73.79797630299998 40.70909089000003)
188893646,2018-10-17T00:00:00.000Z,397.0,"ROBBERY,UNCLASSIFIED,OPEN AREAS",105.0,ROBBERY,PL 1601502,F,K,71,0.0,18-24,M,BLACK,999005.0,181250.0,40.66416202000005,-73.94681681999998,POINT (-73.94681681999998 40.66416202000005)
187603736,2018-09-14T00:00:00.000Z,157.0,RAPE 1,104.0,RAPE,PL 1303501,F,B,48,0.0,25-44,M,WHITE HISPANIC,1011779.0,246746.0,40.84390125500005,-73.900504632,POINT (-73.900504632 40.843901255000056)
188126065,2018-09-28T00:00:00.000Z,"","","","",PL 1701000,F,M,23,1.0,25-44,M,WHITE HISPANIC,998736.0,227214.0,40.79032242500005,-73.94768749799994,POINT (-73.94768749799994 40.79032242500005)
188593338,2018-10-10T00:00:00.000Z,177.0,"","","",PL 1306504,F,M,25,0.0,45-64,M,BLACK,1000555.0,230994.0,40.800694331000045,-73.94110928599997,POINT (-73.94110928599997 40.800694331000045)
188785833,2018-10-15T00:00:00.000Z,"","","","","","",K,67,0.0,25-44,M,BLACK,996949.0,176623.0,40.651465108000025,-73.95423641599997,POINT (-73.95423641599997 40.651465108000025)
188431122,2018-10-06T00:00:00.000Z,175.0,"SEXUAL ABUSE 3,2",233.0,FORCIBLE TOUCHING,PL 1305200,M,Q,115,0.0,25-44,M,WHITE HISPANIC,1018699.0,215043.0,40.75686097700003,-73.87565666399996,POINT (-73.87565666399996 40.75686097700003)
187900310,2018-09-22T00:00:00.000Z,203.0,"TRESPASS 3, CRIMINAL",352.0,CRIMINAL TRESPASS,PL 1401000,M,K,61,0.0,25-44,M,BLACK,1002206.0,158439.0,40.60154475400003,-73.93533946199994,POINT (-73.93533946199994 40.60154475400003)
188038653,2018-09-26T00:00:00.000Z,109.0,"ASSAULT 2,1,UNCLASSIFIED",106.0,FELONY ASSAULT,PL 1200502,F,K,84,0.0,45-64,M,BLACK,989235.0,189579.0,40.68703414200007,-73.98202677399996,POINT (-73.98202677399996 40.68703414200007)
187731259,2018-09-18T00:00:00.000Z,175.0,"SEXUAL ABUSE 3,2",233.0,FORCIBLE TOUCHING,PL 1305200,M,K,84,0.0,65+,M,WHITE,989013.0,192652.0,40.69546894100006,-73.98282507899995,POINT (-73.98282507899995 40.69546894100006)
188855375,2018-10-16T00:00:00.000Z,793.0,WEAPONS POSSESSION 3,118.0,DANGEROUS WEAPONS,PL 2650201,F,K,67,0.0,45-64,M,BLACK,997704.0,178037.0,40.655345114000056,-73.95151270399998,POINT (-73.95151270399998 40.655345114000056)
188719020,2018-10-13T00:00:00.000Z,101.0,ASSAULT 3,344.0,ASSAULT 3 & RELATED OFFENSES,PL 1200000,M,M,30,0.0,25-44,M,BLACK,999751.0,241188.0,40.82867545800008,-73.94398971599996,POINT (-73.94398971599996 40.82867545800008)
187848220,2018-09-20T00:00:00.000Z,101.0,ASSAULT 3,344.0,ASSAULT 3 & RELATED OFFENSES,PL 1200001,M,B,48,0.0,25-44,M,BLACK,1011811.0,246833.0,40.844139945000045,-73.90038861799998,POINT (-73.90038861799998 40.84413994500005)
188062779,2018-09-27T00:00:00.000Z,101.0,ASSAULT 3,344.0,ASSAULT 3 & RELATED OFFENSES,PL 1200001,M,K,61,0.0,25-44,M,WHITE,998271.0,156940.0,40.597437401000036,-73.94951303399995,POINT (-73.94951303399995 40.597437401000036)
188424593,2018-10-05T00:00:00.000Z,211.0,"BURGLARY,COMMERCIAL,DAY",107.0,BURGLARY,PL 1402500,F,K,79,0.0,18-24,F,BLACK,999507.0,190206.0,40.688743368000075,-73.94498708099997,POINT (-73.94498708099997 40.688743368000075)
187924175,2018-09-22T00:00:00.000Z,101.0,ASSAULT 3,344.0,ASSAULT 3 & RELATED OFFENSES,PL 1200001,M,M,7,0.0,25-44,M,WHITE,989038.0,199686.0,40.71477560500005,-73.98272992299998,POINT (-73.98272992299998 40.71477560500005)
188870335,2018-10-17T00:00:00.000Z,475.0,"","","",PL 1651601,M,Q,103,1.0,25-44,M,BLACK,1039726.0,195270.0,40.702482133000046,-73.799922252,POINT (-73.799922252 40.702482133000046)
187834762,2018-09-20T00:00:00.000Z,101.0,ASSAULT 3,344.0,ASSAULT 3 & RELATED OFFENSES,PL 1200001,M,S,120,0.0,25-44,F,WHITE HISPANIC,962822.0,174282.0,40.645022746000045,-74.077216847,POINT (-74.077216847 40.645022746000045)
188347566,2018-10-04T00:00:00.000Z,511.0,"CONTROLLED SUBSTANCE, POSSESSION 7",235.0,DANGEROUS DRUGS,PL 2200300,M,B,44,0.0,65+,M,BLACK,1010425.0,246597.0,40.84349641100005,-73.90539890999997,POINT (-73.90539890999997 40.84349641100005)
188304699,2018-10-03T00:00:00.000Z,"","","","","","",B,47,0.0,25-44,M,WHITE HISPANIC,1021271.0,257055.0,40.87216165000007,-73.86614123499999,POINT (-73.86614123499999 40.87216165000007)
187644605,2018-09-15T00:00:00.000Z,475.0,"","","",PL 1651600,M,M,14,1.0,45-64,M,UNKNOWN,986061.0,213320.0,40.75219869800003,-73.99346504499994,POINT (-73.99346504499994 40.75219869800003)
186598277,2018-08-19T00:00:00.000Z,101.0,ASSAULT 3,344.0,ASSAULT 3 & RELATED OFFENSES,PL 1200001,M,K,90,0.0,25-44,M,WHITE HISPANIC,999800.0,198552.0,40.71165067700008,-73.94391129999997,POINT (-73.94391129999997 40.71165067700008)
186970838,2018-08-29T00:00:00.000Z,101.0,ASSAULT 3,344.0,ASSAULT 3 & RELATED OFFENSES,PL 1200001,M,K,68,0.0,25-44,M,WHITE,978016.0,171958.0,40.638667594000026,-74.02246340399995,POINT (-74.02246340399995 40.638667594000026)
187277726,2018-09-06T00:00:00.000Z,109.0,"ASSAULT 2,1,UNCLASSIFIED",106.0,FELONY ASSAULT,PL 1200502,F,B,42,0.0,25-44,F,BLACK,1008691.0,238872.0,40.82229848500003,-73.91169413099993,POINT (-73.91169413099993 40.82229848500003)
187396847,2018-09-10T00:00:00.000Z,101.0,ASSAULT 3,344.0,ASSAULT 3 & RELATED OFFENSES,PL 1200001,M,B,44,0.0,18-24,F,BLACK,1006537.0,244511.0,40.83778161800007,-73.91945797099999,POINT (-73.91945797099999 40.83778161800007)
187411539,2018-09-10T00:00:00.000Z,397.0,"ROBBERY,UNCLASSIFIED,OPEN AREAS",105.0,ROBBERY,PL 160102A,F,K,68,0.0,25-44,M,WHITE,978016.0,171958.0,40.638667594000026,-74.02246340399995,POINT (-74.02246340399995 40.638667594000026)
187118290,2018-09-02T00:00:00.000Z,168.0,SODOMY 1,116.0,SEX CRIMES,PL 1305003,F,B,40,0.0,18-24,M,BLACK,1004926.0,234532.0,40.81039601900005,-73.92531074499993,POINT (-73.92531074499993 40.81039601900005)
187150402,2018-09-03T00:00:00.000Z,665.0,"","","",PL 4902001,F,S,120,0.0,18-24,M,BLACK,966302.0,163287.0,40.614851531000056,-74.06464749399998,POINT (-74.06464749399998 40.614851531000056)
186386053,2018-08-14T00:00:00.000Z,109.0,"ASSAULT 2,1,UNCLASSIFIED",106.0,FELONY ASSAULT,PL 1200502,F,B,43,0.0,25-44,F,BLACK,1020183.0,239283.0,40.82338729100008,-73.87017045,POINT (-73.87017045 40.82338729100008)
186346527,2018-08-13T00:00:00.000Z,101.0,ASSAULT 3,344.0,ASSAULT 3 & RELATED OFFENSES,PL 1200001,M,K,77,2.0,25-44,F,BLACK,1001186.0,184867.0,40.674085974000036,-73.93894628899994,POINT (-73.93894628899994 40.674085974000036)
186680394,2018-08-21T00:00:00.000Z,475.0,"","","",PL 1651600,M,M,25,0.0,45-64,M,BLACK,1000414.0,230243.0,40.79863330000006,-73.94162037099994,POINT (-73.94162037099994 40.79863330000006)
187388109,2018-09-09T00:00:00.000Z,101.0,ASSAULT 3,344.0,ASSAULT 3 & RELATED OFFENSES,PL 1200001,M,K,70,0.0,25-44,M,WHITE HISPANIC,994145.0,176855.0,40.65210547300006,-73.96434121099996,POINT (-73.96434121099996 40.65210547300006)
186825548,2018-08-25T00:00:00.000Z,101.0,ASSAULT 3,344.0,ASSAULT 3 & RELATED OFFENSES,PL 1200001,M,K,75,0.0,25-44,M,BLACK,1016932.0,185540.0,40.67588908100004,-73.88217793299998,POINT (-73.88217793299998 40.67588908100004)
187103390,2018-09-01T00:00:00.000Z,157.0,RAPE 1,104.0,RAPE,PL 1303502,F,K,77,0.0,18-24,M,WHITE HISPANIC,1003606.0,185050.0,40.67458330800008,-73.93022154099998,POINT (-73.93022154099998 40.67458330800008)
186933934,2018-08-28T00:00:00.000Z,729.0,"FORGERY,ETC.,UNCLASSIFIED-FELONY",113.0,FORGERY,PL 1702500,F,M,6,0.0,18-24,M,BLACK,984037.0,205508.0,40.730756883000026,-74.00076997599997,POINT (-74.00076997599997 40.730756883000026)
187338172,2018-09-08T00:00:00.000Z,175.0,"SEXUAL ABUSE 3,2",233.0,SEX CRIMES,PL 13052A1,M,B,42,0.0,25-44,M,BLACK,1008798.0,238971.0,40.82256991600008,-73.91130716899994,POINT (-73.91130716899994 40.82256991600008)
186840865,2018-08-25T00:00:00.000Z,203.0,"TRESPASS 3, CRIMINAL",352.0,CRIMINAL TRESPASS,PL 140100A,M,S,120,0.0,45-64,M,BLACK,956489.0,169287.0,40.63129495700008,-74.10001712599995,POINT (-74.10001712599995 40.63129495700008)
186745325,2018-08-23T00:00:00.000Z,707.0,"IMPERSONATION 2, PUBLIC SERVANT",340.0,FRAUDS,PL 1902300,M,Q,101,0.0,25-44,M,BLACK,1042839.0,155389.0,40.592997668000066,-73.78904136799997,POINT (-73.78904136799997 40.592997668000066)
186485414,2018-08-16T00:00:00.000Z,475.0,"","","",PL 1651600,M,M,7,1.0,65+,M,WHITE HISPANIC,986967.0,199425.0,40.71406010100003,-73.99020064699994,POINT (-73.99020064699994 40.71406010100003)
186599393,2018-08-19T00:00:00.000Z,153.0,RAPE 3,104.0,RAPE,PL 1302503,F,Q,106,0.0,18-24,M,ASIAN / PACIFIC ISLANDER,1028713.0,187853.0,40.68218640100008,-73.83969048299997,POINT (-73.83969048299997 40.68218640100008)
187143579,2018-09-02T00:00:00.000Z,567.0,"MARIJUANA, POSSESSION 4 & 5",235.0,DANGEROUS DRUGS,PL 2211002,M,K,67,0.0,25-44,M,BLACK,998588.0,172194.0,40.639305956000044,-73.94833915399995,POINT (-73.94833915399995 40.639305956000044)
186490342,2018-08-16T00:00:00.000Z,397.0,"ROBBERY,UNCLASSIFIED,OPEN AREAS",105.0,ROBBERY,PL 1601502,F,M,5,0.0,45-64,M,BLACK,982683.0,199755.0,40.71496615000007,-74.00565402799998,POINT (-74.00565402799998 40.71496615000007)
186952841,2018-08-28T00:00:00.000Z,153.0,RAPE 3,104.0,RAPE,PL 1302503,F,Q,104,0.0,45-64,M,WHITE HISPANIC,1013764.0,195875.0,40.70426739000004,-73.89355375999997,POINT (-73.89355375999997 40.70426739000004)
186510360,2018-08-17T00:00:00.000Z,109.0,"ASSAULT 2,1,UNCLASSIFIED",106.0,FELONY ASSAULT,PL 1200501,F,K,77,0.0,25-44,M,BLACK,997294.0,184518.0,40.67313463700003,-73.95297782099993,POINT (-73.95297782099993 40.67313463700003)
187146487,2018-09-03T00:00:00.000Z,793.0,WEAPONS POSSESSION 3,118.0,DANGEROUS WEAPONS,PL 2650201,F,B,47,0.0,18-24,M,BLACK,1021660.0,260322.0,40.881126907000066,-73.86471645199998,POINT (-73.86471645199998 40.881126907000066)
187490113,2018-09-12T00:00:00.000Z,157.0,RAPE 1,104.0,RAPE,PL 1303501,F,K,60,0.0,45-64,M,BLACK,990922.0,149184.0,40.576157300000034,-73.97598379999994,POINT (-73.97598379999994 40.576157300000034)
187396851,2018-09-10T00:00:00.000Z,101.0,ASSAULT 3,344.0,ASSAULT 3 & RELATED OFFENSES,PL 1200001,M,Q,108,0.0,25-44,M,BLACK,1004197.0,208611.0,40.73925136500004,-73.92802114799997,POINT (-73.92802114799997 40.73925136500004)
187521527,2018-09-12T00:00:00.000Z,29.0,"NY STATE,PAROLE",995.0,F.C.A. P.I.N.O.S.,FOA9000029,"",K,73,0.0,18-24,M,BLACK,1009465.0,180957.0,40.66333419100005,-73.90911470699997,POINT (-73.90911470699997 40.66333419100005)
186211156,2018-08-09T00:00:00.000Z,475.0,"","","",PL 1651601,M,B,46,1.0,45-64,M,BLACK,1012887.0,253829.0,40.86333844800004,-73.89646978499997,POINT (-73.89646978499997 40.86333844800005)
185672153,2018-07-27T00:00:00.000Z,244.0,"BURGLARY,UNCLASSIFIED,UNKNOWN TIME",107.0,BURGLARY,PL 1402000,F,Q,104,0.0,25-44,M,BLACK,1010081.0,193286.0,40.697172710000075,-73.90684709799996,POINT (-73.90684709799996 40.697172710000075)
185351200,2018-07-19T00:00:00.000Z,101.0,ASSAULT 3,344.0,ASSAULT 3 & RELATED OFFENSES,PL 1200001,M,M,23,0.0,25-44,M,BLACK,998829.0,226859.0,40.78934789300007,-73.94735241299998,POINT (-73.94735241299998 40.78934789300007)
185640738,2018-07-26T00:00:00.000Z,475.0,"","","",PL 1651600,M,M,14,0.0,45-64,M,BLACK,987636.0,212439.0,40.74978011300004,-73.98778087399995,POINT (-73.98778087399995 40.74978011300004)
185234108,2018-07-16T00:00:00.000Z,515.0,"CONTROLLED SUBSTANCE,SALE 3",117.0,DANGEROUS DRUGS,PL 2203901,F,M,7,0.0,25-44,M,BLACK,987009.0,199047.0,40.713022567000046,-73.99004929899996,POINT (-73.99004929899996 40.713022567000046)
185240242,2018-07-17T00:00:00.000Z,567.0,"MARIJUANA, POSSESSION 4 & 5",235.0,DANGEROUS DRUGS,PL 2211001,M,K,71,0.0,25-44,M,WHITE,998032.0,178948.0,40.657845105000035,-73.95032871799998,POINT (-73.95032871799998 40.65784510500004)
185776678,2018-07-30T00:00:00.000Z,101.0,ASSAULT 3,344.0,ASSAULT 3 & RELATED OFFENSES,PL 1200001,M,K,83,0.0,25-44,M,BLACK,1007128.0,193705.0,40.69833089400004,-73.91749507299994,POINT (-73.91749507299994 40.69833089400004)
186206385,2018-08-09T00:00:00.000Z,397.0,"ROBBERY,UNCLASSIFIED,OPEN AREAS",105.0,ROBBERY,PL 1600500,F,M,18,0.0,18-24,M,BLACK,989064.0,218736.0,40.76706310900005,-73.98262250499994,POINT (-73.98262250499994 40.76706310900005)
185776623,2018-07-30T00:00:00.000Z,109.0,"ASSAULT 2,1,UNCLASSIFIED",106.0,FELONY ASSAULT,PL 120059H,F,B,41,0.0,25-44,M,BLACK,1013086.0,236614.0,40.81608766100004,-73.89582435399994,POINT (-73.89582435399994 40.81608766100004)
185867082,2018-08-01T00:00:00.000Z,203.0,"TRESPASS 3, CRIMINAL",352.0,CRIMINAL TRESPASS,PL 1401000,M,K,79,0.0,18-24,M,BLACK,1000002.0,189598.0,40.68707368100007,-73.94320360999996,POINT (-73.94320360999996 40.68707368100007)
185315737,2018-07-18T00:00:00.000Z,475.0,"","","",PL 1651600,M,B,49,1.0,18-24,M,BLACK,1027434.0,251387.0,40.85657672800004,-73.84389367799997,POINT (-73.84389367799997 40.85657672800004)
185290247,2018-07-18T00:00:00.000Z,203.0,"TRESPASS 3, CRIMINAL",352.0,CRIMINAL TRESPASS,PL 140100A,M,B,44,0.0,25-44,M,BLACK,1010606.0,245659.0,40.84092133700005,-73.90474842099997,POINT (-73.90474842099997 40.84092133700005)
185740930,2018-07-29T00:00:00.000Z,109.0,"ASSAULT 2,1,UNCLASSIFIED",106.0,FELONY ASSAULT,PL 1200501,F,K,67,0.0,18-24,M,BLACK,997897.0,175677.0,40.64886713300007,-73.95082189999994,POINT (-73.95082189999994 40.64886713300007)
185684150,2018-07-27T00:00:00.000Z,101.0,ASSAULT 3,344.0,ASSAULT 3 & RELATED OFFENSES,PL 1200001,M,S,120,0.0,25-44,M,BLACK,962822.0,174282.0,40.645022746000045,-74.077216847,POINT (-74.077216847 40.645022746000045)
186134240,2018-08-07T00:00:00.000Z,184.0,"","","",PL 12070E1,F,K,73,0.0,45-64,M,BLACK,1007585.0,183788.0,40.67110980800004,-73.91588130999997,POINT (-73.91588130999997 40.67110980800004)
185946729,2018-08-02T00:00:00.000Z,101.0,ASSAULT 3,344.0,ASSAULT 3 & RELATED OFFENSES,PL 1200001,M,K,68,0.0,18-24,M,WHITE,978070.0,170276.0,40.634050900000034,-74.02226729499995,POINT (-74.02226729499995 40.634050900000034)
185356384,2018-07-19T00:00:00.000Z,475.0,"","","",PL 1651601,M,B,44,1.0,45-64,M,ASIAN / PACIFIC ISLANDER,1004749.0,240880.0,40.827819901000055,-73.92593075599996,POINT (-73.92593075599996 40.827819901000055)
186080503,2018-08-06T00:00:00.000Z,782.0,"WEAPONS, POSSESSION, ETC",236.0,DANGEROUS WEAPONS,PL 2650101,M,B,46,0.0,25-44,M,BLACK HISPANIC,1012314.0,252560.0,40.859857267000045,-73.89854667099996,POINT (-73.89854667099996 40.859857267000045)
185039060,2018-07-11T00:00:00.000Z,153.0,RAPE 3,104.0,RAPE,PL 1302502,F,B,41,0.0,25-44,M,BLACK,1013232.0,236725.0,40.816391847000034,-73.89529641399997,POINT (-73.89529641399997 40.816391847000034)
184218581,2018-06-21T00:00:00.000Z,157.0,RAPE 1,104.0,RAPE,PL 1303501,F,K,77,0.0,18-24,M,BLACK,1003606.0,185050.0,40.67458330800008,-73.93022154099998,POINT (-73.93022154099998 40.67458330800008)
184584472,2018-06-29T00:00:00.000Z,244.0,"BURGLARY,UNCLASSIFIED,UNKNOWN TIME",107.0,BURGLARY,PL 1402000,F,M,26,0.0,25-44,M,BLACK,996343.0,236150.0,40.814852894000076,-73.95631335299998,POINT (-73.95631335299998 40.814852894000076)
184778224,2018-07-05T00:00:00.000Z,397.0,"ROBBERY,UNCLASSIFIED,OPEN AREAS",105.0,ROBBERY,PL 1601001,F,S,122,0.0,<18,M,BLACK,964272.0,157347.0,40.59854310300005,-74.07194167999995,POINT (-74.07194167999995 40.59854310300005)
184216166,2018-06-21T00:00:00.000Z,475.0,"","","",PL 1651601,M,Q,103,1.0,25-44,M,BLACK,1039726.0,195270.0,40.702482133000046,-73.799922252,POINT (-73.799922252 40.702482133000046)
184181612,2018-06-20T00:00:00.000Z,475.0,"","","",PL 1651600,M,K,79,1.0,25-44,M,BLACK,998241.0,187165.0,40.68039860900007,-73.94955839299998,POINT (-73.94955839299998 40.68039860900007)
184936113,2018-07-09T00:00:00.000Z,397.0,"ROBBERY,UNCLASSIFIED,OPEN AREAS",105.0,ROBBERY,PL 160102A,F,M,28,0.0,18-24,F,BLACK,997440.0,233857.0,40.80855767700007,-73.95235475399994,POINT (-73.95235475399994 40.808557677000074)
184634576,2018-07-01T00:00:00.000Z,203.0,"TRESPASS 3, CRIMINAL",352.0,CRIMINAL TRESPASS,PL 1401000,M,Q,108,0.0,25-44,M,BLACK,1012728.0,211168.0,40.74624633400003,-73.89722557,POINT (-73.89722557 40.74624633400003)
183647915,2018-06-09T00:00:00.000Z,203.0,"TRESPASS 3, CRIMINAL",352.0,CRIMINAL TRESPASS,PL 140100A,M,S,120,0.0,45-64,M,BLACK,960441.0,171237.0,40.63665879600006,-74.08578598499997,POINT (-74.08578598499997 40.63665879600006)
183738750,2018-06-12T00:00:00.000Z,397.0,"ROBBERY,UNCLASSIFIED,OPEN AREAS",105.0,ROBBERY,PL 1601504,F,K,84,0.0,25-44,M,BLACK,987788.0,191924.0,40.693471325000075,-73.98724306499997,POINT (-73.98724306499997 40.693471325000075)
183848020,2018-06-14T00:00:00.000Z,115.0,RECKLESS ENDANGERMENT 2,355.0,OFFENSES AGAINST THE PERSON,PL 1202000,M,S,120,0.0,<18,M,WHITE,962074.0,173539.0,40.64298153100003,-74.079909806,POINT (-74.079909806 40.64298153100003)
184374761,2018-06-24T00:00:00.000Z,397.0,"ROBBERY,UNCLASSIFIED,OPEN AREAS",105.0,ROBBERY,PL 1601001,F,K,68,0.0,18-24,M,WHITE,978317.0,169743.0,40.632588097000045,-74.02137691199994,POINT (-74.02137691199994 40.632588097000045)
184076280,2018-06-18T00:00:00.000Z,729.0,"FORGERY,ETC.,UNCLASSIFIED-FELONY",113.0,FORGERY,PL 1702500,F,K,63,0.0,25-44,M,BLACK,1004095.0,170315.0,40.63413787500008,-73.92850201499994,POINT (-73.92850201499994 40.63413787500008)
185003205,2018-07-10T00:00:00.000Z,164.0,SODOMY 3,116.0,SEX CRIMES,PL 1304003,F,B,48,0.0,25-44,M,WHITE HISPANIC,1011779.0,246746.0,40.84390125500005,-73.900504632,POINT (-73.900504632 40.843901255000056)
183898566,2018-06-15T00:00:00.000Z,155.0,RAPE 2,104.0,RAPE,PL 1303002,F,K,77,0.0,25-44,M,BLACK,1003606.0,185050.0,40.67458330800008,-73.93022154099998,POINT (-73.93022154099998 40.67458330800008)
184628517,2018-06-30T00:00:00.000Z,586.0,"","","",PL 230345A,F,M,25,0.0,25-44,M,BLACK,1000555.0,230994.0,40.800694331000045,-73.94110928599997,POINT (-73.94110928599997 40.800694331000045)
183850386,2018-06-14T00:00:00.000Z,179.0,SEXUAL ABUSE 1,116.0,SEX CRIMES,PL 1305300,F,K,71,0.0,18-24,M,BLACK,998749.0,181383.0,40.66452749800004,-73.94773929099993,POINT (-73.94773929099993 40.66452749800004)
183778391,2018-06-13T00:00:00.000Z,175.0,"SEXUAL ABUSE 3,2",233.0,SEX CRIMES,PL 13052A1,M,M,5,0.0,18-24,M,BLACK,984946.0,200203.0,40.716195914000025,-73.99749074599998,POINT (-73.99749074599998 40.716195914000025)
184912742,2018-07-08T00:00:00.000Z,109.0,"ASSAULT 2,1,UNCLASSIFIED",106.0,FELONY ASSAULT,PL 1200502,F,K,88,0.0,25-44,M,WHITE,990477.0,191354.0,40.691905322000025,-73.97754678999998,POINT (-73.97754678999998 40.691905322000025)
184964444,2018-07-10T00:00:00.000Z,109.0,"ASSAULT 2,1,UNCLASSIFIED",106.0,FELONY ASSAULT,PL 12005EH,F,S,121,0.0,45-64,M,BLACK,939162.0,160533.0,40.60719583400004,-74.16238323299996,POINT (-74.16238323299996 40.60719583400004)
183235704,2018-05-29T00:00:00.000Z,157.0,RAPE 1,104.0,RAPE,PL 1303501,F,K,77,0.0,45-64,M,WHITE HISPANIC,1003606.0,185050.0,40.67458330800008,-73.93022154099998,POINT (-73.93022154099998 40.67458330800008)
191416894,2018-12-21T00:00:00.000Z,101.0,ASSAULT 3,344.0,ASSAULT 3 & RELATED OFFENSES,PL 1200000,M,Q,112,0.0,45-64,M,WHITE,1025286.0,202643.0,40.722797981000035,-73.85195635699995,POINT (-73.85195635699995 40.722797981000035)
191670489,2018-12-30T00:00:00.000Z,105.0,STRANGULATION 1ST,106.0,FELONY ASSAULT,PL 1211200,F,K,75,0.0,25-44,M,BLACK,1017119.0,183909.0,40.67141166300007,-73.88151172399995,POINT (-73.88151172399995 40.67141166300007)
191703950,2018-12-31T00:00:00.000Z,101.0,ASSAULT 3,344.0,ASSAULT 3 & RELATED OFFENSES,PL 1200000,M,K,77,0.0,45-64,M,BLACK,1001136.0,184247.0,40.67238430900005,-73.93912809399995,POINT (-73.93912809399995 40.67238430900005)
191450487,2018-12-22T00:00:00.000Z,397.0,"ROBBERY,UNCLASSIFIED,OPEN AREAS",105.0,ROBBERY,PL 1600500,F,M,26,0.0,18-24,M,BLACK,995484.0,235091.0,40.81194736900005,-73.95941841399997,POINT (-73.95941841399997 40.81194736900005)
183376827,2018-06-01T00:00:00.000Z,566.0,"MARIJUANA, POSSESSION",678.0,MISCELLANEOUS PENAL LAW,PL 2210500,V,K,60,0.0,25-44,M,WHITE,990784.0,149362.0,40.576645978000045,-73.97648039599994,POINT (-73.97648039599994 40.57664597800005)
191465240,2018-12-23T00:00:00.000Z,109.0,"ASSAULT 2,1,UNCLASSIFIED",106.0,FELONY ASSAULT,PL 1200512,F,K,75,0.0,25-44,M,BLACK,1014484.0,181357.0,40.66441638600002,-73.89102209099997,POINT (-73.89102209099997 40.66441638600002)
191381703,2018-12-20T00:00:00.000Z,105.0,STRANGULATION 1ST,106.0,FELONY ASSAULT,PL 1211200,F,M,32,0.0,25-44,M,BLACK,999428.0,236544.0,40.815929553000046,-73.94516735699995,POINT (-73.94516735699995 40.815929553000046)
183418429,2018-06-03T00:00:00.000Z,101.0,ASSAULT 3,344.0,ASSAULT 3 & RELATED OFFENSES,PL 1200001,M,Q,110,0.0,25-44,M,BLACK HISPANIC,1024987.0,210038.0,40.74309679600003,-73.85299028099996,POINT (-73.85299028099996 40.74309679600003)
183029981,2018-05-23T00:00:00.000Z,157.0,RAPE 1,104.0,RAPE,PL 1303501,F,M,25,0.0,45-64,M,BLACK,1000555.0,230994.0,40.800694331000045,-73.94110928599997,POINT (-73.94110928599997 40.800694331000045)
183484177,2018-06-05T00:00:00.000Z,109.0,"ASSAULT 2,1,UNCLASSIFIED",106.0,FELONY ASSAULT,PL 1200502,F,K,67,0.0,25-44,M,BLACK,997897.0,175677.0,40.64886713300007,-73.95082189999994,POINT (-73.95082189999994 40.64886713300007)
183185098,2018-05-27T00:00:00.000Z,397.0,"ROBBERY,UNCLASSIFIED,OPEN AREAS",105.0,ROBBERY,PL 1600500,F,Q,114,2.0,25-44,M,WHITE HISPANIC,1002494.0,216454.0,40.760782095000025,-73.93414527799997,POINT (-73.93414527799997 40.760782095000025)
191207903,2018-12-16T00:00:00.000Z,157.0,RAPE 1,104.0,RAPE,PL 1303502,F,Q,107,0.0,18-24,M,BLACK,1036790.0,205267.0,40.729939364000074,-73.81043314199997,POINT (-73.81043314199997 40.729939364000074)
182968502,2018-05-21T00:00:00.000Z,397.0,"ROBBERY,UNCLASSIFIED,OPEN AREAS",105.0,ROBBERY,PL 1600500,F,K,79,97.0,45-64,M,BLACK,1000401.0,192939.0,40.69624323500005,-73.94175690599997,POINT (-73.94175690599997 40.69624323500005)
191428452,2018-12-22T00:00:00.000Z,439.0,"LARCENY,GRAND FROM OPEN AREAS,",109.0,GRAND LARCENY,PL 1553501,F,M,14,0.0,18-24,F,BLACK,987220.0,212676.0,40.75043076800005,-73.98928217599996,POINT (-73.98928217599996 40.75043076800005)
183070493,2018-05-23T00:00:00.000Z,175.0,"SEXUAL ABUSE 3,2",233.0,SEX CRIMES,PL 13052A1,M,M,13,0.0,25-44,M,BLACK,988874.0,207673.0,40.736698070000045,-73.98331602599995,POINT (-73.98331602599995 40.736698070000045)
183466983,2018-06-04T00:00:00.000Z,168.0,SODOMY 1,116.0,SEX CRIMES,PL 1305001,F,Q,112,0.0,<18,M,BLACK HISPANIC,1025420.0,202485.0,40.72236368700004,-73.85147389399998,POINT (-73.85147389399998 40.72236368700005)
183253382,2018-05-29T00:00:00.000Z,105.0,STRANGULATION 1ST,106.0,FELONY ASSAULT,PL 1211200,F,B,43,0.0,25-44,M,BLACK,1020183.0,239283.0,40.82338729100008,-73.87017045,POINT (-73.87017045 40.82338729100008)
190743410,2018-12-04T00:00:00.000Z,339.0,"LARCENY,PETIT FROM OPEN AREAS,UNCLASSIFIED",341.0,PETIT LARCENY,PL 1552500,M,M,13,0.0,25-44,F,WHITE,987103.0,207735.0,40.73686899300003,-73.98970654599998,POINT (-73.98970654599998 40.73686899300003)
174837202,2018-02-15T00:00:00.000Z,729.0,"FORGERY,ETC.,UNCLASSIFIED-FELONY",113.0,FORGERY,PL 1701004,F,M,28,1.0,45-64,M,BLACK,999342.0,233575.0,40.807780622000045,-73.94548472699995,POINT (-73.94548472699995 40.80778062200005)
191026342,2018-12-11T00:00:00.000Z,109.0,"ASSAULT 2,1,UNCLASSIFIED",106.0,FELONY ASSAULT,PL 1201001,F,K,69,0.0,<18,M,BLACK,1010576.0,175629.0,40.64870676900005,-73.90513094099998,POINT (-73.90513094099998 40.64870676900005)
175142051,2018-02-24T00:00:00.000Z,101.0,ASSAULT 3,344.0,ASSAULT 3 & RELATED OFFENSES,PL 1200001,M,M,7,0.0,18-24,M,WHITE,987350.0,201914.0,40.72089168400004,-73.98881793899994,POINT (-73.98881793899994 40.72089168400004)
190349010,2018-11-25T00:00:00.000Z,101.0,ASSAULT 3,344.0,ASSAULT 3 & RELATED OFFENSES,PL 1200000,M,Q,113,0.0,45-64,M,BLACK,1043377.0,182551.0,40.66754784000005,-73.78686625299997,POINT (-73.78686625299997 40.66754784000005)
174822154,2018-02-15T00:00:00.000Z,157.0,RAPE 1,104.0,RAPE,PL 1303501,F,S,120,0.0,18-24,M,BLACK HISPANIC,962748.0,174174.0,40.64472613100002,-74.07748315899995,POINT (-74.07748315899995 40.64472613100002)
190390433,2018-11-26T00:00:00.000Z,153.0,RAPE 3,104.0,RAPE,PL 1302502,F,B,41,0.0,25-44,M,WHITE HISPANIC,1013232.0,236725.0,40.816391847000034,-73.89529641399997,POINT (-73.89529641399997 40.816391847000034)
190921296,2018-12-08T00:00:00.000Z,153.0,RAPE 3,104.0,RAPE,PL 1302502,F,K,70,0.0,45-64,M,WHITE HISPANIC,991547.0,168934.0,40.63036654500007,-73.97371261299998,POINT (-73.97371261299998 40.63036654500007)
190828611,2018-12-06T00:00:00.000Z,511.0,"CONTROLLED SUBSTANCE, POSSESSION 7",235.0,DANGEROUS DRUGS,PL 2200300,M,K,79,0.0,65+,M,BLACK,1000215.0,193000.0,40.69641100300004,-73.94242752399998,POINT (-73.94242752399998 40.69641100300004)
190844989,2018-12-06T00:00:00.000Z,203.0,"TRESPASS 3, CRIMINAL",352.0,CRIMINAL TRESPASS,PL 140100E,M,M,10,2.0,18-24,M,BLACK,984003.0,211785.0,40.74798569200004,-74.00089288399994,POINT (-74.00089288399994 40.74798569200004)
190932018,2018-12-09T00:00:00.000Z,"","","","","","",Q,115,0.0,18-24,M,WHITE HISPANIC,1022862.0,212950.0,40.751099030000034,-73.86064222299996,POINT (-73.86064222299996 40.751099030000034)
190430699,2018-11-27T00:00:00.000Z,475.0,"","","",PL 1651601,M,M,26,1.0,25-44,M,BLACK,997374.0,234664.0,40.81077276700007,-73.95259158999993,POINT (-73.95259158999993 40.81077276700007)
190473264,2018-11-28T00:00:00.000Z,164.0,SODOMY 3,116.0,SEX CRIMES,PL 1304003,F,Q,112,0.0,25-44,M,WHITE,1025420.0,202485.0,40.72236368700004,-73.85147389399998,POINT (-73.85147389399998 40.72236368700005)
190794795,2018-12-05T00:00:00.000Z,157.0,RAPE 1,104.0,RAPE,PL 1303501,F,M,33,0.0,18-24,M,BLACK,1001936.0,245282.0,40.83990820100007,-73.93608358699998,POINT (-73.93608358699998 40.83990820100007)
190576837,2018-11-30T00:00:00.000Z,101.0,ASSAULT 3,344.0,ASSAULT 3 & RELATED OFFENSES,PL 1200000,M,B,44,0.0,45-64,M,WHITE,1006954.0,242413.0,40.83202215400007,-73.91795806799998,POINT (-73.91795806799998 40.83202215400007)
174867386,2018-02-16T00:00:00.000Z,179.0,SEXUAL ABUSE 1,116.0,SEX CRIMES,PL 1306503,F,S,120,0.0,45-64,M,WHITE,962748.0,174174.0,40.64472613100002,-74.07748315899995,POINT (-74.07748315899995 40.64472613100002)
190649497,2018-12-02T00:00:00.000Z,109.0,"ASSAULT 2,1,UNCLASSIFIED",106.0,FELONY ASSAULT,PL 1200501,F,B,49,0.0,18-24,F,BLACK,1025619.0,256059.0,40.869408631000056,-73.85042595199997,POINT (-73.85042595199997 40.869408631000056)
175063606,2018-02-21T00:00:00.000Z,101.0,ASSAULT 3,344.0,ASSAULT 3 & RELATED OFFENSES,PL 1200001,M,K,78,0.0,18-24,M,BLACK,990502.0,188496.0,40.68406075000007,-73.97745929199993,POINT (-73.97745929199993 40.68406075000007)
190499038,2018-11-28T00:00:00.000Z,109.0,"ASSAULT 2,1,UNCLASSIFIED",106.0,FELONY ASSAULT,PL 1200512,F,K,68,0.0,25-44,F,WHITE,978016.0,171958.0,40.638667594000026,-74.02246340399995,POINT (-74.02246340399995 40.638667594000026)
175243555,2018-02-27T00:00:00.000Z,109.0,"ASSAULT 2,1,UNCLASSIFIED",106.0,FELONY ASSAULT,PL 1200501,F,Q,101,0.0,18-24,F,BLACK,1053650.0,158969.0,40.60274595100003,-73.75007786499998,POINT (-73.75007786499998 40.60274595100003)
175262957,2018-02-27T00:00:00.000Z,568.0,"MARIJUANA, POSSESSION 1, 2 & 3",117.0,DANGEROUS DRUGS,PL 2212500,F,Q,107,0.0,18-24,M,BLACK,1045599.0,206973.0,40.73456519200005,-73.77863417199995,POINT (-73.77863417199995 40.73456519200005)
191016646,2018-12-11T00:00:00.000Z,101.0,ASSAULT 3,344.0,ASSAULT 3 & RELATED OFFENSES,PL 1200000,M,M,32,0.0,25-44,F,BLACK,1001374.0,239100.0,40.82294149500007,-73.93813045499998,POINT (-73.93813045499998 40.82294149500007)
191119539,2018-12-12T00:00:00.000Z,586.0,"","","",PL 230345A,F,K,71,0.0,25-44,M,BLACK,998749.0,181383.0,40.66452749800004,-73.94773929099993,POINT (-73.94773929099993 40.66452749800004)
175120774,2018-02-23T00:00:00.000Z,105.0,STRANGULATION 1ST,106.0,FELONY ASSAULT,PL 1211200,F,K,71,0.0,18-24,M,BLACK,999005.0,181250.0,40.66416202000005,-73.94681681999998,POINT (-73.94681681999998 40.66416202000005)
175080223,2018-02-22T00:00:00.000Z,153.0,RAPE 3,104.0,RAPE,PL 1302503,F,B,44,0.0,25-44,M,BLACK,1006434.0,244344.0,40.83732351100008,-73.91983075699994,POINT (-73.91983075699994 40.83732351100008)
190835865,2018-12-06T00:00:00.000Z,475.0,"","","",PL 1651601,M,Q,103,0.0,45-64,M,BLACK,1039726.0,195270.0,40.702482133000046,-73.799922252,POINT (-73.799922252 40.702482133000046)
173966800,2018-01-24T00:00:00.000Z,475.0,"","","",PL 1651601,M,Q,115,1.0,45-64,F,WHITE HISPANIC,1022285.0,212504.0,40.74987737400005,-73.86272726099996,POINT (-73.86272726099996 40.74987737400005)
174304981,2018-02-01T00:00:00.000Z,705.0,"FORGERY,ETC.-MISD.",358.0,OFFENSES INVOLVING FRAUD,PL 1700500,M,K,63,0.0,18-24,F,BLACK,1000521.0,168264.0,40.62851560000007,-73.94138369799998,POINT (-73.94138369799998 40.62851560000007)
173817472,2018-01-19T00:00:00.000Z,203.0,"TRESPASS 3, CRIMINAL",352.0,CRIMINAL TRESPASS,PL 1401000,M,M,6,1.0,25-44,M,WHITE,983985.0,205857.0,40.731714801000074,-74.00095761299998,POINT (-74.00095761299998 40.73171480100008)
174460630,2018-02-06T00:00:00.000Z,157.0,RAPE 1,104.0,RAPE,PL 1303501,F,Q,112,0.0,25-44,M,WHITE HISPANIC,1025420.0,202485.0,40.72236368700004,-73.85147389399998,POINT (-73.85147389399998 40.72236368700005)
174634568,2018-02-10T00:00:00.000Z,397.0,"ROBBERY,UNCLASSIFIED,OPEN AREAS",105.0,ROBBERY,PL 1601504,F,Q,101,0.0,45-64,M,BLACK,1053650.0,158969.0,40.60274595100003,-73.75007786499998,POINT (-73.75007786499998 40.60274595100003)
173870415,2018-01-21T00:00:00.000Z,101.0,ASSAULT 3,344.0,ASSAULT 3 & RELATED OFFENSES,PL 1200001,M,K,78,0.0,25-44,M,BLACK,991965.0,186250.0,40.677894835000075,-73.97218688399995,POINT (-73.97218688399995 40.677894835000075)
174758110,2018-02-13T00:00:00.000Z,203.0,"TRESPASS 3, CRIMINAL",352.0,CRIMINAL TRESPASS,PL 140100A,M,K,60,0.0,25-44,F,WHITE,994397.0,149012.0,40.57568189800003,-73.96347487299995,POINT (-73.96347487299997 40.57568189800003)
173764656,2018-01-18T00:00:00.000Z,793.0,WEAPONS POSSESSION 3,118.0,DANGEROUS WEAPONS,PL 2650201,F,M,18,1.0,25-44,M,BLACK,989294.0,215445.0,40.75803003100003,-73.98179465299995,POINT (-73.98179465299995 40.75803003100003)
174118705,2018-01-28T00:00:00.000Z,101.0,ASSAULT 3,344.0,ASSAULT 3 & RELATED OFFENSES,PL 1200001,M,M,7,0.0,25-44,M,BLACK,988751.0,198428.0,40.71132284500004,-73.98376604599997,POINT (-73.98376604599997 40.71132284500004)
174627864,2018-02-10T00:00:00.000Z,569.0,"MARIJUANA, SALE 4 & 5",235.0,DANGEROUS DRUGS,PL 2214000,M,B,45,0.0,25-44,M,BLACK,1026796.0,244312.0,40.83716105900004,-73.84624489899994,POINT (-73.84624489899994 40.83716105900004)
174068169,2018-01-26T00:00:00.000Z,969.0,"TRAFFIC,UNCLASSIFIED INFRACTION",881.0,OTHER TRAFFIC INFRACTION,VTL051101A,M,K,67,0.0,18-24,M,BLACK,999067.0,172838.0,40.641072809000036,-73.94661181999999,POINT (-73.94661181999999 40.641072809000036)
173892219,2018-01-22T00:00:00.000Z,105.0,STRANGULATION 1ST,106.0,FELONY ASSAULT,PL 1211200,F,M,30,0.0,25-44,M,WHITE,997308.0,239826.0,40.82494110600004,-73.95281996799997,POINT (-73.95281996799997 40.82494110600004)
174094462,2018-01-27T00:00:00.000Z,521.0,"CONTROLLED SUBSTANCE, SALE 5",117.0,DANGEROUS DRUGS,PL 2203100,F,M,13,0.0,45-64,M,BLACK,989542.0,208109.0,40.737894408000045,-73.98090524599996,POINT (-73.98090524599998 40.737894408000045)
174092975,2018-01-26T00:00:00.000Z,569.0,"MARIJUANA, SALE 4 & 5",235.0,DANGEROUS DRUGS,PL 2214000,M,M,6,0.0,45-64,M,BLACK,984440.0,204596.0,40.728253665000075,-73.99931593099996,POINT (-73.99931593099996 40.72825366500008)
174138834,2018-01-28T00:00:00.000Z,793.0,WEAPONS POSSESSION 3,118.0,DANGEROUS WEAPONS,PL 2650201,F,M,32,0.0,25-44,M,BLACK,999433.0,236538.0,40.81591307700006,-73.94514930699995,POINT (-73.94514930699997 40.81591307700006)
174095568,2018-01-26T00:00:00.000Z,397.0,"ROBBERY,UNCLASSIFIED,OPEN AREAS",105.0,ROBBERY,PL 1601504,F,Q,101,0.0,<18,M,BLACK,1053650.0,158969.0,40.60274595100003,-73.75007786499998,POINT (-73.75007786499998 40.60274595100003)
174528683,2018-02-07T00:00:00.000Z,175.0,"SEXUAL ABUSE 3,2",233.0,SEX CRIMES,PL 13052A1,M,Q,109,0.0,25-44,M,WHITE,1032198.0,217060.0,40.76233421800004,-73.82691730799998,POINT (-73.82691730799998 40.76233421800004)
174437052,2018-02-05T00:00:00.000Z,511.0,"CONTROLLED SUBSTANCE, POSSESSION 7",235.0,DANGEROUS DRUGS,PL 2200300,M,M,6,0.0,65+,M,WHITE,982999.0,207685.0,40.73673212700004,-74.00451560799998,POINT (-74.00451560799998 40.73673212700004)
174328300,2018-02-02T00:00:00.000Z,157.0,RAPE 1,104.0,RAPE,PL 1303501,F,K,75,0.0,45-64,M,BLACK,1017141.0,183798.0,40.67110691100004,-73.88143295699997,POINT (-73.88143295699997 40.67110691100004)
174583160,2018-02-09T00:00:00.000Z,157.0,RAPE 1,104.0,RAPE,PL 1303501,F,M,14,0.0,45-64,M,WHITE,985679.0,213954.0,40.75393893800003,-73.99484365499995,POINT (-73.99484365499995 40.75393893800003)
174655843,2018-02-11T00:00:00.000Z,567.0,"MARIJUANA, POSSESSION 4 & 5",235.0,DANGEROUS DRUGS,PL 2211001,M,K,69,2.0,18-24,M,BLACK,1016452.0,170415.0,40.63437605200004,-73.88398062199997,POINT (-73.88398062199997 40.63437605200004)
174606691,2018-02-09T00:00:00.000Z,175.0,"SEXUAL ABUSE 3,2",233.0,SEX CRIMES,PL 13052A1,M,M,14,3.0,25-44,M,BLACK,985679.0,213954.0,40.75393893800003,-73.99484365499995,POINT (-73.99484365499995 40.75393893800003)
174007303,2018-01-24T00:00:00.000Z,397.0,"ROBBERY,UNCLASSIFIED,OPEN AREAS",105.0,ROBBERY,PL 1601001,F,Q,103,0.0,<18,F,BLACK,1041717.0,197008.0,40.707239816000026,-73.79272672599996,POINT (-73.79272672599996 40.707239816000026)
174303156,2018-02-01T00:00:00.000Z,397.0,"ROBBERY,UNCLASSIFIED,OPEN AREAS",105.0,ROBBERY,PL 160102A,F,K,75,0.0,<18,M,BLACK,1017119.0,183909.0,40.67141166300007,-73.88151172399995,POINT (-73.88151172399995 40.67141166300007)
174599129,2018-02-09T00:00:00.000Z,101.0,ASSAULT 3,344.0,ASSAULT 3 & RELATED OFFENSES,PL 1200001,M,M,20,0.0,65+,M,WHITE,989262.0,225152.0,40.78467323600006,-73.98190292299995,POINT (-73.98190292299995 40.78467323600007)
174166678,2018-01-29T00:00:00.000Z,175.0,"SEXUAL ABUSE 3,2",233.0,FORCIBLE TOUCHING,PL 1305200,M,K,67,0.0,25-44,M,BLACK,998032.0,175598.0,40.648650085000035,-73.95033556299995,POINT (-73.95033556299995 40.648650085000035)
174335678,2018-02-01T00:00:00.000Z,155.0,RAPE 2,104.0,RAPE,PL 1303001,F,M,1,0.0,25-44,M,WHITE,982285.0,201682.0,40.72025522300004,-74.00709027999993,POINT (-74.00709027999993 40.72025522300004)
173804402,2018-01-19T00:00:00.000Z,739.0,IDENTITY THFT-1,112.0,THEFT-FRAUD,PL 1908003,F,M,5,0.0,25-44,M,WHITE,983903.0,200257.0,40.71634415200003,-74.00125319299997,POINT (-74.00125319299997 40.71634415200003)
174093192,2018-01-27T00:00:00.000Z,729.0,"FORGERY,ETC.,UNCLASSIFIED-FELONY",113.0,FORGERY,PL 1702500,F,K,70,0.0,18-24,M,BLACK,995535.0,177158.0,40.652935481000036,-73.95933133399996,POINT (-73.95933133399996 40.652935481000036)
174177802,2018-01-29T00:00:00.000Z,209.0,"BURGLARS TOOLS,UNCLASSIFIED",231.0,BURGLAR'S TOOLS,PL 1403500,M,M,10,0.0,18-24,F,WHITE,985439.0,215912.0,40.759313185000046,-73.99570955899996,POINT (-73.99570955899996 40.759313185000046)
174564403,2018-02-08T00:00:00.000Z,440.0,"","","",PL 1553502,F,M,18,0.0,25-44,M,BLACK,988211.0,218129.0,40.765397475000036,-73.98570226399994,POINT (-73.98570226399994 40.765397475000036)
173354757,2018-01-08T00:00:00.000Z,101.0,ASSAULT 3,344.0,ASSAULT 3 & RELATED OFFENSES,PL 1200001,M,B,43,0.0,25-44,M,ASIAN / PACIFIC ISLANDER,1020183.0,239283.0,40.82338729100008,-73.87017045,POINT (-73.87017045 40.82338729100008)
173209446,2018-01-03T00:00:00.000Z,109.0,"ASSAULT 2,1,UNCLASSIFIED",106.0,FELONY ASSAULT,PL 1200501,F,Q,114,0.0,25-44,M,WHITE,1010867.0,220307.0,40.771336338000026,-73.90390565299998,POINT (-73.90390565299998 40.771336338000026)
173530129,2018-01-12T00:00:00.000Z,665.0,"","","",PL 4902001,F,Q,103,6.0,25-44,M,BLACK,1037558.0,193899.0,40.69873239300006,-73.80775216499995,POINT (-73.80775216499995 40.69873239300006)
173368466,2018-01-08T00:00:00.000Z,101.0,ASSAULT 3,344.0,ASSAULT 3 & RELATED OFFENSES,PL 1200001,M,B,42,0.0,25-44,M,WHITE HISPANIC,1008691.0,238872.0,40.82229848500003,-73.91169413099993,POINT (-73.91169413099993 40.82229848500003)
173688828,2018-01-16T00:00:00.000Z,567.0,"MARIJUANA, POSSESSION 4 & 5",235.0,DANGEROUS DRUGS,PL 2211001,M,Q,105,0.0,25-44,M,BLACK,1054686.0,181119.0,40.663534586000026,-73.74611585299994,POINT (-73.74611585299994 40.663534586000026)
173217680,2018-01-03T00:00:00.000Z,705.0,"FORGERY,ETC.-MISD.",358.0,OFFENSES INVOLVING FRAUD,PL 1702000,M,K,67,0.0,18-24,M,BLACK,1003787.0,174068.0,40.644439741000035,-73.929600839,POINT (-73.929600839 40.644439741000035)
173577385,2018-01-13T00:00:00.000Z,157.0,RAPE 1,104.0,RAPE,PL 1303501,F,B,41,0.0,25-44,M,WHITE HISPANIC,1013232.0,236725.0,40.816391847000034,-73.89529641399997,POINT (-73.89529641399997 40.816391847000034)
173498630,2018-01-11T00:00:00.000Z,475.0,"","","",PL 1651601,M,B,44,1.0,25-44,M,BLACK,1004749.0,240880.0,40.827819901000055,-73.92593075599996,POINT (-73.92593075599996 40.827819901000055)
173151631,2018-01-02T00:00:00.000Z,205.0,"TRESPASS 2, CRIMINAL",352.0,CRIMINAL TRESPASS,PL 1401500,M,M,28,2.0,45-64,M,BLACK,997875.0,230878.0,40.80038048100005,-73.95078943299995,POINT (-73.95078943299995 40.80038048100005)
173583078,2018-01-13T00:00:00.000Z,106.0,"ASSAULT 2,1,PEACE OFFICER",106.0,FELONY ASSAULT,PL 1200800,F,Q,104,0.0,25-44,M,BLACK HISPANIC,1020437.0,195376.0,40.702872980000045,-73.86948906799995,POINT (-73.86948906799995 40.702872980000045)
173736192,2018-01-18T00:00:00.000Z,109.0,"ASSAULT 2,1,UNCLASSIFIED",106.0,FELONY ASSAULT,PL 1200502,F,K,76,0.0,45-64,M,BLACK,984110.0,188364.0,40.683700646000034,-74.00050622499998,POINT (-74.000506225 40.683700646000034)
173325667,2018-01-06T00:00:00.000Z,846.0,"","","",AM 0353D00,V,M,1,0.0,18-24,M,ASIAN / PACIFIC ISLANDER,982351.0,201758.0,40.720463840000036,-74.00685220399998,POINT (-74.00685220399998 40.720463840000036)
173331356,2018-01-07T00:00:00.000Z,179.0,SEXUAL ABUSE 1,116.0,SEX CRIMES,PL 1306501,F,Q,103,0.0,25-44,M,BLACK,1041749.0,196938.0,40.70704747500002,-73.79261190399995,POINT (-73.79261190399995 40.70704747500002)
173188566,2018-01-02T00:00:00.000Z,101.0,ASSAULT 3,344.0,ASSAULT 3 & RELATED OFFENSES,PL 1200001,M,K,67,0.0,25-44,M,BLACK,997897.0,175677.0,40.64886713300007,-73.95082189999994,POINT (-73.95082189999994 40.64886713300007)
173283522,2018-01-05T00:00:00.000Z,515.0,"CONTROLLED SUBSTANCE,SALE 3",117.0,DANGEROUS DRUGS,PL 2203901,F,S,123,0.0,45-64,F,WHITE,925480.0,138056.0,40.54542087600004,-74.21146256799993,POINT (-74.21146256799993 40.54542087600004)
182869610,2018-05-18T00:00:00.000Z,569.0,"MARIJUANA, SALE 4 & 5",235.0,DANGEROUS DRUGS,PL 2214000,M,M,28,0.0,25-44,M,BLACK,996726.0,231664.0,40.80253953400006,-73.95493803499993,POINT (-73.95493803499993 40.80253953400006)
182539882,2018-05-10T00:00:00.000Z,397.0,"ROBBERY,UNCLASSIFIED,OPEN AREAS",105.0,ROBBERY,PL 1600500,F,K,60,0.0,18-24,M,BLACK,986771.0,148698.0,40.57482547700005,-73.99092660999997,POINT (-73.99092660999997 40.57482547700005)
182471338,2018-05-08T00:00:00.000Z,475.0,"","","",PL 1651600,M,B,43,0.0,25-44,M,BLACK,1020219.0,239110.0,40.82291230800007,-73.87004130399998,POINT (-73.87004130399998 40.82291230800008)
178928938,2018-05-02T00:00:00.000Z,157.0,RAPE 1,104.0,RAPE,PL 1303501,F,Q,100,0.0,18-24,M,BLACK,1035212.0,152992.0,40.58646552900007,-73.81652172299994,POINT (-73.81652172299994 40.58646552900007)
182774370,2018-05-16T00:00:00.000Z,475.0,"","","",PL 1651601,M,K,75,1.0,45-64,M,BLACK,1021568.0,185710.0,40.676337363000066,-73.86546353999995,POINT (-73.86546353999995 40.676337363000066)
182521693,2018-05-09T00:00:00.000Z,101.0,ASSAULT 3,344.0,ASSAULT 3 & RELATED OFFENSES,PL 1200001,M,K,61,0.0,25-44,M,WHITE,996826.0,153334.0,40.58754182200005,-73.95472306399995,POINT (-73.95472306399995 40.58754182200005)
182595191,2018-05-11T00:00:00.000Z,681.0,"CHILD, ENDANGERING WELFARE",233.0,SEX CRIMES,PL 2601001,M,Q,115,0.0,25-44,M,BLACK,1018699.0,215043.0,40.75686097700003,-73.87565666399996,POINT (-73.87565666399996 40.75686097700003)
181319019,2018-05-04T00:00:00.000Z,176.0,"","","",PL 1309600,F,B,44,0.0,25-44,M,WHITE HISPANIC,1006434.0,244344.0,40.83732351100008,-73.91983075699994,POINT (-73.91983075699994 40.83732351100008)
182920713,2018-05-20T00:00:00.000Z,101.0,ASSAULT 3,344.0,ASSAULT 3 & RELATED OFFENSES,PL 1200001,M,M,26,0.0,<18,F,BLACK,996343.0,236150.0,40.814852894000076,-73.95631335299998,POINT (-73.95631335299998 40.814852894000076)
182499828,2018-05-09T00:00:00.000Z,153.0,RAPE 3,104.0,RAPE,PL 1302502,F,B,41,0.0,25-44,M,BLACK HISPANIC,1013232.0,236725.0,40.816391847000034,-73.89529641399997,POINT (-73.89529641399997 40.816391847000034)
182742410,2018-05-15T00:00:00.000Z,397.0,"ROBBERY,UNCLASSIFIED,OPEN AREAS",105.0,ROBBERY,PL 1600500,F,M,13,0.0,25-44,M,BLACK,988972.0,207813.0,40.737082284000046,-73.98296229999994,POINT (-73.98296229999994 40.737082284000046)
182513369,2018-05-09T00:00:00.000Z,101.0,ASSAULT 3,344.0,ASSAULT 3 & RELATED OFFENSES,PL 1200001,M,K,84,1.0,45-64,M,BLACK,987772.0,191476.0,40.69224167400005,-73.987300996,POINT (-73.987300996 40.69224167400005)
179079939,2018-05-02T00:00:00.000Z,569.0,"MARIJUANA, SALE 4 & 5",235.0,DANGEROUS DRUGS,PL 2214000,M,K,67,0.0,25-44,M,BLACK,998590.0,177084.0,40.65272794600002,-73.94832155299997,POINT (-73.94832155299997 40.65272794600002)
182565187,2018-05-10T00:00:00.000Z,101.0,ASSAULT 3,344.0,ASSAULT 3 & RELATED OFFENSES,PL 1200001,M,Q,103,0.0,<18,M,BLACK,1042252.0,196877.0,40.70687676200004,-73.79079819699997,POINT (-73.79079819699997 40.70687676200004)
177676123,2018-04-03T00:00:00.000Z,567.0,"MARIJUANA, POSSESSION 4 & 5",235.0,DANGEROUS DRUGS,PL 2211500,M,Q,114,97.0,<18,M,BLACK,999484.0,214810.0,40.75627543400003,-73.94501432899995,POINT (-73.94501432899995 40.75627543400003)
178666008,2018-04-27T00:00:00.000Z,475.0,"","","",PL 1651601,M,Q,103,1.0,25-44,M,BLACK,1039726.0,195270.0,40.702482133000046,-73.799922252,POINT (-73.799922252 40.702482133000046)
178698118,2018-04-28T00:00:00.000Z,475.0,"","","",PL 1651600,M,M,1,0.0,45-64,M,BLACK,980295.0,195926.0,40.70445570500005,-74.01426591999996,POINT (-74.01426591999996 40.70445570500005)
177447892,2018-04-02T00:00:00.000Z,101.0,ASSAULT 3,344.0,ASSAULT 3 & RELATED OFFENSES,PL 1200001,M,B,40,0.0,18-24,F,BLACK,1009107.0,234424.0,40.81008881500002,-73.91020756299997,POINT (-73.91020756299997 40.81008881500002)
178685986,2018-04-28T00:00:00.000Z,101.0,ASSAULT 3,344.0,ASSAULT 3 & RELATED OFFENSES,PL 1200001,M,Q,115,0.0,25-44,M,WHITE HISPANIC,1021994.0,213268.0,40.75197560600003,-73.86377323599999,POINT (-73.86377323599999 40.75197560600003)
178551872,2018-04-24T00:00:00.000Z,475.0,"","","",PL 1651600,M,M,23,1.0,25-44,M,BLACK,998736.0,227214.0,40.79032242500005,-73.94768749799994,POINT (-73.94768749799994 40.79032242500005)
177874456,2018-04-06T00:00:00.000Z,594.0,OBSCENITY 1,116.0,SEX CRIMES,PL 2631100,F,M,5,0.0,25-44,M,WHITE,984946.0,200203.0,40.716195914000025,-73.99749074599998,POINT (-73.99749074599998 40.716195914000025)
178014168,2018-04-10T00:00:00.000Z,223.0,"BURGLARY,RESIDENCE,NIGHT",107.0,BURGLARY,PL 1402502,F,Q,114,0.0,25-44,M,WHITE,1006432.0,215383.0,40.75783347300006,-73.91993364599993,POINT (-73.91993364599993 40.75783347300006)
178466392,2018-04-22T00:00:00.000Z,101.0,ASSAULT 3,344.0,ASSAULT 3 & RELATED OFFENSES,PL 1200002,M,M,28,0.0,25-44,M,BLACK,997995.0,230064.0,40.79814608700008,-73.95035767199995,POINT (-73.95035767199995 40.79814608700008)
178372218,2018-04-19T00:00:00.000Z,729.0,"FORGERY,ETC.,UNCLASSIFIED-FELONY",113.0,FORGERY,PL 1703000,F,Q,105,97.0,18-24,M,BLACK,1052784.0,179132.0,40.65809565700005,-73.75299174299995,POINT (-73.75299174299995 40.65809565700005)
177900543,2018-04-07T00:00:00.000Z,569.0,"MARIJUANA, SALE 4 & 5",235.0,DANGEROUS DRUGS,PL 2214000,M,K,67,0.0,25-44,M,BLACK,1006160.0,180447.0,40.66194314900008,-73.92102913399998,POINT (-73.92102913399998 40.66194314900008)
177883411,2018-04-06T00:00:00.000Z,729.0,"FORGERY,ETC.,UNCLASSIFIED-FELONY",113.0,FORGERY,PL 1702500,F,M,28,1.0,45-64,M,BLACK,999342.0,233575.0,40.807780622000045,-73.94548472699995,POINT (-73.94548472699995 40.80778062200005)
178135124,2018-04-13T00:00:00.000Z,475.0,"","","",PL 1651601,M,M,1,1.0,45-64,M,BLACK,982806.0,201821.0,40.72063684600005,-74.00521077799993,POINT (-74.00521077799993 40.72063684600005)
178205012,2018-04-16T00:00:00.000Z,101.0,ASSAULT 3,344.0,ASSAULT 3 & RELATED OFFENSES,PL 1200001,M,Q,102,0.0,25-44,M,BLACK,1035310.0,194572.0,40.70059287300006,-73.81585419699996,POINT (-73.81585419699996 40.70059287300006)
